usuario,contrasena,rol,nombre,correo,ultimoGradoDeFormacion
spaley0,bY5713D,Profesor,Suzette Paley,spaley0@edu.com,Maestria
rpittham1,qY914=A+./GRI+,Profesor,Rivkah Pittham,rpittham1@edu.com,Bachiller
lentwistle2,nW586p|KXzW1,Profesor,Lara Entwistle,lentwistle2@edu.com,Doctorado
fbrettell3,dN2708re{8s._le7,Profesor,Falkner Brettell,fbrettell3@edu.com,Pregrado
sedmons4,eY165yLCys5k,Profesor,Sherie Edmons,sedmons4@edu.com,Bachiller
jlearmond5,fC239D5TfNGj!,Profesor,Johan Learmond,jlearmond5@edu.com,Especializacion
wtandey6,pB544VNKUU?bZi,Profesor,Waldemar Tandey,wtandey6@edu.com,Bachiller
efilippo7,rA689w2z,Profesor,Elisabet Filippo,efilippo7@edu.com,Pregrado
dcatmull8,bA5586y_,Profesor,Dell Catmull,dcatmull8@edu.com,Maestria
ebaumler9,cC501pMup,Profesor,Elaina Baumler,ebaumler9@edu.com,Doctorado
csumpnera,cX7398Ov/Yi=q<,Profesor,Conant Sumpner,csumpnera@edu.com,Pregrado
cbrannib,nX483I=qM'*c,Profesor,Clem Branni,cbrannib@edu.com,Doctorado
hfinchamc,yJ7258/ZdnQ.@,Profesor,Huntington Fincham,hfinchamc@edu.com,Maestria
eavrahamovd,kC4413pDr=gjrf,Profesor,Elsie Avrahamov,eavrahamovd@edu.com,Maestria
tedgcombee,kR276~i?r,Profesor,Tabitha Edgcombe,tedgcombee@edu.com,Especializacion
btrussellf,kL237yXO%|VH,Profesor,Brear Trussell,btrussellf@edu.com,Doctorado
astitheg,wV824oWkxr@S4,Profesor,Adi Stithe,astitheg@edu.com,Especializacion
daughtonh,xL035mG<FZ6<,Profesor,Dell Aughton,daughtonh@edu.com,Pregrado
hvani,cC104BxFg,Profesor,Hynda Van Velde,hvani@edu.com,Bachiller
kmacmorlandj,tV390R$=,Profesor,Kissiah MacMorland,kmacmorlandj@edu.com,Doctorado
scupittk,oZ588Y3CeyT94,Profesor,Smith Cupitt,scupittk@edu.com,Maestria
cbrydonl,cB4593pX%xraO5,Profesor,Caldwell Brydon,cbrydonl@edu.com,Bachiller
gbarnettm,sD143=a0>H526$2,Profesor,Glendon Barnett,gbarnettm@edu.com,Doctorado
mellesmeren,jW7071v1+(}u,Profesor,Marisa Ellesmere,mellesmeren@edu.com,Pregrado
mperkinso,fF0830>_Cmu0,Profesor,Michelina Perkins,mperkinso@edu.com,Bachiller
mbearmanp,nQ4191Lw_Undd?,Profesor,Marthena Bearman,mbearmanp@edu.com,Doctorado
flavilleq,eC751L\Z}?~ECixh,Profesor,Fayette Laville,flavilleq@edu.com,Doctorado
lfilesr,uO199Vl0xo,Profesor,Luciana Files,lfilesr@edu.com,Doctorado
rgasnolls,pM866!!@U1=Cw=,Profesor,Rina Gasnoll,rgasnolls@edu.com,Pregrado
acescott,gV501MCw4JRj@L{G,Profesor,Adrianne Cescot,acescott@edu.com,Pregrado
wtoleru,oN158a2wQ,Profesor,Webb Toler,wtoleru@edu.com,Bachiller
fsimoensv,zT341)(K6,Profesor,Florance Simoens,fsimoensv@edu.com,Maestria
cgrandinw,yV036D0&fihQz?,Profesor,Carita Grandin,cgrandinw@edu.com,Especializacion
eforox,fT462/Y6<*,Profesor,Edith Foro,eforox@edu.com,Maestria
lsilvestony,rL670!raavz,Profesor,Libby Silveston,lsilvestony@edu.com,Maestria
cgoldsterz,fT921CQ!T?>rEI,Profesor,Carlie Goldster,cgoldsterz@edu.com,Doctorado
wmc10,tO1916#ggyoFk,Profesor,Welbie Mc Harg,wmc10@edu.com,Maestria
todby11,zL897}Q4F|8.,Profesor,Tabby Odby,todby11@edu.com,Maestria
spancoust12,dQ973Y5m$?,Profesor,Stevana Pancoust,spancoust12@edu.com,Maestria
gnary13,yB150b23flj<48L,Profesor,Germaine Nary,gnary13@edu.com,Bachiller
mbirtonshaw14,gT453d~XRd,Profesor,Mary Birtonshaw,mbirtonshaw14@edu.com,Doctorado
tglyne15,iJ321\XgLN&{l,Profesor,Trenton Glyne,tglyne15@edu.com,Especializacion
scouronne16,lH830>4??&|,Profesor,Shawn Couronne,scouronne16@edu.com,Pregrado
rlonsdale17,zX265$klTCsvVC,Profesor,Raimundo Lonsdale,rlonsdale17@edu.com,Pregrado
nirlam18,lF006b97,Profesor,Neel Irlam,nirlam18@edu.com,Doctorado
jvayro19,qZ740mhTL<K./%,Profesor,Jaquelyn Vayro,jvayro19@edu.com,Bachiller
sraspin1a,xP917?d@PVfh/,Profesor,Sisile Raspin,sraspin1a@edu.com,Pregrado
loakman1b,xU615FJ8\,Profesor,Langsdon Oakman,loakman1b@edu.com,Pregrado
phelleckas1c,rR408z5yLYlQkc.,Profesor,Paxon Helleckas,phelleckas1c@edu.com,Bachiller
kwitherow1d,vI195D3<p1)/B9a,Profesor,Kellyann Witherow,kwitherow1d@edu.com,Bachiller
wlaurent1e,oU083KaGo@il#jp,Profesor,Whitman Laurent,wlaurent1e@edu.com,Especializacion
afishbie1f,rS166P~=W*zR,Profesor,Anissa Fishbie,afishbie1f@edu.com,Maestria
sgrut1g,yB909srzqGA},Profesor,Sara-ann Grut,sgrut1g@edu.com,Doctorado
govens1h,iK373u5Kep@)3?,Profesor,Griz Ovens,govens1h@edu.com,Maestria
ballsupp1i,gP869B?H.A,Profesor,Babara Allsupp,ballsupp1i@edu.com,Bachiller
dbjorkan1j,oN215y$x9,Profesor,Dorian Bjorkan,dbjorkan1j@edu.com,Pregrado
vlandall1k,eP821#dc7FE,Profesor,Vidovik Landall,vlandall1k@edu.com,Bachiller
rshawyer1l,hL019Qc445eWI4,Profesor,Roy Shawyer,rshawyer1l@edu.com,Especializacion
ckeam1m,nV933J>65o.8&,Profesor,Chet Keam,ckeam1m@edu.com,Maestria
bbinion1n,vC743m*oWlu5,Profesor,Bernette Binion,bbinion1n@edu.com,Bachiller
njaan1o,mV202Eea_,Profesor,Nanni Jaan,njaan1o@edu.com,Bachiller
dfollitt1p,eQ113&|}>\,Profesor,Dannie Follitt,dfollitt1p@edu.com,Maestria
nyarrington1q,jI129SK*(Y>U,Profesor,Norrie Yarrington,nyarrington1q@edu.com,Bachiller
oscotchbourouge1r,bU421xoW/U3,Profesor,Odessa Scotchbourouge,oscotchbourouge1r@edu.com,Bachiller
jhendrich1s,vX564\EArK=dy,Profesor,Josy Hendrich,jhendrich1s@edu.com,Doctorado
fgravells1t,fJ243R<R@YL,Profesor,Fulvia Gravells,fgravells1t@edu.com,Maestria
khake1u,sC499?/!,Profesor,Kathy Hake,khake1u@edu.com,Bachiller
ileas1v,sB043Lm4AGW{T,Profesor,Isabelle Leas,ileas1v@edu.com,Doctorado
bpatzelt1w,tH383!!<&RM$A_,Profesor,Berke Patzelt,bpatzelt1w@edu.com,Bachiller
crobard1x,hR327@bnXjP!LV,Profesor,Chelsea Robard,crobard1x@edu.com,Doctorado
rfominov1y,kO633qX11\|)W+j=,Profesor,Raymund Fominov,rfominov1y@edu.com,Especializacion
dhulburt1z,eR764qoO4+#p0U_,Profesor,Duane Hulburt,dhulburt1z@edu.com,Especializacion
tdwine20,vY7304TwwCHD3s<v,Profesor,Tanitansy Dwine,tdwine20@edu.com,Doctorado
eharman21,hY210>}N&1MwK},Profesor,Esther Harman,eharman21@edu.com,Pregrado
pgreig22,hS682)N(,Profesor,Payton Greig,pgreig22@edu.com,Bachiller
screser23,yF618hn2Ja8u2,Profesor,Simeon Creser,screser23@edu.com,Maestria
nnutton24,dC681llN.ad~,Profesor,Nonna Nutton,nnutton24@edu.com,Doctorado
jlarvin25,rB281h4#Q4P=,Profesor,Justin Larvin,jlarvin25@edu.com,Especializacion
rbellocht26,lJ635qe<x2#L*,Profesor,Rivy Bellocht,rbellocht26@edu.com,Pregrado
lmckane27,vD967\k}tTbl|ZBl,Profesor,Lucretia McKane,lmckane27@edu.com,Especializacion
gbocock28,yI805&KRp,Profesor,Gav Bocock,gbocock28@edu.com,Pregrado
cdugget29,uY462Us=,Profesor,Cordula Dugget,cdugget29@edu.com,Doctorado
nantonsson2a,bE490Qp/Gl7i,Profesor,Nolie Antonsson,nantonsson2a@edu.com,Especializacion
rdressel2b,hS2403I96xVK8ta,Profesor,Richard Dressel,rdressel2b@edu.com,Especializacion
nchristoffe2c,aQ765/!Q,Profesor,Nickolaus Christoffe,nchristoffe2c@edu.com,Especializacion
fferrant2d,lX1941{nH{,Profesor,Franky Ferrant,fferrant2d@edu.com,Doctorado
ngianasi2e,tV104i7BeFz,Profesor,Nickie Gianasi,ngianasi2e@edu.com,Pregrado
bskipsea2f,iA179N6pyul{KzC,Profesor,Barri Skipsea,bskipsea2f@edu.com,Pregrado
oworland2g,eO754gf(@,Profesor,Obediah Worland,oworland2g@edu.com,Pregrado
nopenshaw2h,kW303zJXdX|,Profesor,Nevile Openshaw,nopenshaw2h@edu.com,Pregrado
gostick2i,bV4814QaA_jXYX$s,Profesor,Gawen Ostick,gostick2i@edu.com,Doctorado
cbrodeau2j,qK607+q.1Tc7D_,Profesor,Christy Brodeau,cbrodeau2j@edu.com,Pregrado
wgaskin2k,wJ061~p0<PzC,Profesor,Wenda Gaskin,wgaskin2k@edu.com,Doctorado
zcharley2l,kG980$R,Profesor,Zachery Charley,zcharley2l@edu.com,Pregrado
rhuett2m,vK617zgiEH8kV,Profesor,Rebekah Huett,rhuett2m@edu.com,Maestria
lharvie2n,dP238=~zeo%m*@,Profesor,Lulu Harvie,lharvie2n@edu.com,Bachiller
simlach2o,vD434PL=bL@b.,Profesor,Shelley Imlach,simlach2o@edu.com,Pregrado
sthunnercliffe2p,eP014mZ{~Z5d,Profesor,Sibeal Thunnercliffe,sthunnercliffe2p@edu.com,Bachiller
jchafer2q,zP7114j/=>&&i,Profesor,Jerrome Chafer,jchafer2q@edu.com,Pregrado
rspeaks2r,nJ756$eX#rz._O1t,Profesor,Reeba Speaks,rspeaks2r@edu.com,Especializacion
kcummins2s,jU141O%0VI,Profesor,Kennie Cummins,kcummins2s@edu.com,Doctorado
pspatoni2t,sX928ARN,Profesor,Phaedra Spatoni,pspatoni2t@edu.com,Maestria
gpeachman2u,kL7063NEzsUzV!7,Profesor,Gib Peachman,gpeachman2u@edu.com,Doctorado
ro2v,jC569GlVGREy?,Profesor,Rick O' Hern,ro2v@edu.com,Maestria
pwithrop2w,bF725NI\Vg,Profesor,Pen Withrop,pwithrop2w@edu.com,Especializacion
bpavese2x,pB299@TZ+FJ7,Profesor,Bartholemy Pavese,bpavese2x@edu.com,Doctorado
bdoonican2y,cY841LN/18),Profesor,Brande Doonican,bdoonican2y@edu.com,Maestria
psieghard2z,aS664KtAxwGh,Profesor,Piper Sieghard,psieghard2z@edu.com,Doctorado
lgrafhom30,aI469Rma_Y2n*29,Profesor,Lauralee Grafhom,lgrafhom30@edu.com,Pregrado
hbande31,dC757<>&}H1,Profesor,Hamlen Bande,hbande31@edu.com,Bachiller
kmeckiff32,nM443_i\FOI@z,Profesor,Korry Meckiff,kmeckiff32@edu.com,Pregrado
jway33,uB692y/)5,Profesor,Jillayne Way,jway33@edu.com,Maestria
nde34,bB863aEW?k),Profesor,Neron de Wilde,nde34@edu.com,Especializacion
dvedeneev35,hS2610c?c),Profesor,Dido Vedeneev,dvedeneev35@edu.com,Maestria
rgiff36,kK209Vu)_,Profesor,Rudd Giff,rgiff36@edu.com,Bachiller
vhartin37,jP990K2LHEj#&vw,Profesor,Violante Hartin,vhartin37@edu.com,Bachiller
censor38,oU051WKlvxxCZX,Profesor,Craggy Ensor,censor38@edu.com,Bachiller
sdi39,uU32143n8cn*//Cu,Profesor,Sharona Di Nisco,sdi39@edu.com,Doctorado
cchappelow3a,kG943HtmhAlK,Profesor,Carmel Chappelow,cchappelow3a@edu.com,Bachiller
fpalatino3b,gF410c!E_UBIc\,Profesor,Farlie Palatino,fpalatino3b@edu.com,Maestria
hsuermeier3c,bO194OEg.Mlo(@2s,Profesor,Horacio Suermeier,hsuermeier3c@edu.com,Bachiller
raslen3d,aQ638kIWn,Profesor,Rani Aslen,raslen3d@edu.com,Pregrado
fjorden3e,wU738PtG&<,Profesor,Franchot Jorden,fjorden3e@edu.com,Maestria
lgouth3f,rA566j\<l&h,Profesor,Levon Gouth,lgouth3f@edu.com,Maestria
mstancliffe3g,hL0789lC%/YREN/W,Profesor,Melinda Stancliffe,mstancliffe3g@edu.com,Doctorado
ebruggen3h,aY006(Wz(0m*|Pes,Profesor,Erena Bruggen,ebruggen3h@edu.com,Maestria
rwolstencroft3i,rS074eUi<1H=DE,Profesor,Reynold Wolstencroft,rwolstencroft3i@edu.com,Especializacion
ctatnell3j,wP507nY($,Profesor,Charlotta Tatnell,ctatnell3j@edu.com,Maestria
bhabergham3k,zS217\4?PNoOhm,Profesor,Bernadene Habergham,bhabergham3k@edu.com,Maestria
hmatkovic3l,mG436|uG,Profesor,Hyacinth Matkovic,hmatkovic3l@edu.com,Pregrado
hmacconaghy3m,wI216$m5_+UC,Profesor,Hollyanne Macconaghy,hmacconaghy3m@edu.com,Maestria
ggoomes3n,zR465+z@tbq/P,Profesor,Ginger Goomes,ggoomes3n@edu.com,Bachiller
hkarlowicz3o,gE053y)%,Profesor,Hobey Karlowicz,hkarlowicz3o@edu.com,Pregrado
lwinborn3p,rD129kJhJQY,Profesor,Lorrie Winborn,lwinborn3p@edu.com,Maestria
imcgunley3q,tN845Mab+$/&hs,Profesor,Illa McGunley,imcgunley3q@edu.com,Pregrado
riston3r,rS787LeB=b.SK,Profesor,Rabi Iston,riston3r@edu.com,Pregrado
tpetrazzi3s,vO193QUh,Profesor,Theda Petrazzi,tpetrazzi3s@edu.com,Doctorado
fsandlin3t,iJ192~Wuwx,Profesor,Florina Sandlin,fsandlin3t@edu.com,Especializacion
dgartside3u,pU8816hL&#,Profesor,Durante Gartside,dgartside3u@edu.com,Maestria
slowndsbrough3v,eC876)5gAXKxj,Profesor,Sigmund Lowndsbrough,slowndsbrough3v@edu.com,Doctorado
tjachimczak3w,mE858l=cG,Profesor,Tessy Jachimczak,tjachimczak3w@edu.com,Pregrado
asmaile3x,fI038hhXA&6|,Profesor,Amby Smaile,asmaile3x@edu.com,Doctorado
gdrought3y,fI594_yIPG=2,Profesor,Giffard Drought,gdrought3y@edu.com,Especializacion
cszymoni3z,eP838W/>,Profesor,Clari Szymoni,cszymoni3z@edu.com,Doctorado
moleary40,eJ397kYK)|,Profesor,Melba O'Leary,moleary40@edu.com,Doctorado
kgiddons41,vX941v_OsxtS,Profesor,Kent Giddons,kgiddons41@edu.com,Doctorado
rwarbey42,yO711Jfn1,Profesor,Rosalinde Warbey,rwarbey42@edu.com,Bachiller
bbentinck43,kU991%DI/kkv1aw,Profesor,Bernetta Bentinck,bbentinck43@edu.com,Especializacion
jasipenko44,wT773\T=Ne,Profesor,Juan Asipenko,jasipenko44@edu.com,Especializacion
jbafford45,uD233MpNz,Profesor,Juliane Bafford,jbafford45@edu.com,Doctorado
aadcocks46,aI176I|$WBVou,Profesor,Alethea Adcocks,aadcocks46@edu.com,Bachiller
ryurocjkin47,zV5711<dgy{,Profesor,Rozina Yurocjkin,ryurocjkin47@edu.com,Doctorado
ktackell48,pM5294hqO*,Profesor,Karel Tackell,ktackell48@edu.com,Pregrado
kupshall49,dS146<2UBu9Br,Profesor,Karisa Upshall,kupshall49@edu.com,Especializacion
rfallowfield4a,oE648k6a3,Profesor,Roseann Fallowfield,rfallowfield4a@edu.com,Pregrado
dneal4b,xO7860}LX_B#r,Profesor,Dav Neal,dneal4b@edu.com,Maestria
bo4c,fS188?o9u+,Profesor,Bridgette O' Hanvey,bo4c@edu.com,Maestria
cyurmanovev4d,fZ960?(EW,Profesor,Casie Yurmanovev,cyurmanovev4d@edu.com,Especializacion
mcoldman4e,zO440MvIfF?EaRq,Profesor,Martin Coldman,mcoldman4e@edu.com,Maestria
kgiovani4f,pE574<pH2d/xHIE,Profesor,Kissee Giovani,kgiovani4f@edu.com,Pregrado
crenneke4g,tO140IX8||9H,Profesor,Cornie Renneke,crenneke4g@edu.com,Pregrado
cdoblin4h,cP844LK,Profesor,Carmela Doblin,cdoblin4h@edu.com,Maestria
atiffin4i,uP293fum,Profesor,Albina Tiffin,atiffin4i@edu.com,Doctorado
njeacock4j,zY625dU_(n8*P,Profesor,Nalani Jeacock,njeacock4j@edu.com,Maestria
wastbery4k,jB553B*@,Profesor,Wilton Astbery,wastbery4k@edu.com,Especializacion
cplews4l,iS356VBjxN,Profesor,Claudian Plews,cplews4l@edu.com,Doctorado
wblenkensop4m,mM512}g}ozRZmu8,Profesor,Waring Blenkensop,wblenkensop4m@edu.com,Bachiller
tbrealey4n,oZ587qt$bnI,Profesor,Tabbitha Brealey,tbrealey4n@edu.com,Pregrado
aportress4o,dO821+8TF,Profesor,Abdul Portress,aportress4o@edu.com,Doctorado
ariseam4p,yI954SF#(IWxF/),Profesor,Annabal Riseam,ariseam4p@edu.com,Bachiller
hstrand4q,dF19053e,Profesor,Hinze Strand,hstrand4q@edu.com,Pregrado
tderham4r,sQ639@Qtp,Profesor,Tresa Derham,tderham4r@edu.com,Maestria
greijmers4s,mG906Xlf,Profesor,Genevieve Reijmers,greijmers4s@edu.com,Maestria
gblanko4t,wV009Hgou.RV,Profesor,Gare Blanko,gblanko4t@edu.com,Maestria
dgayton4u,eA910wR8GLI,Profesor,Del Gayton,dgayton4u@edu.com,Doctorado
amixon4v,tY474l+A@LYk(3%(,Profesor,Ariella Mixon,amixon4v@edu.com,Especializacion
aalvy4w,iI157KR%hMjBvN,Profesor,Alexandre Alvy,aalvy4w@edu.com,Bachiller
tgiorgeschi4x,mQ355s2+U|D,Profesor,Teodoro Giorgeschi,tgiorgeschi4x@edu.com,Pregrado
mstockley4y,xH841k$K,Profesor,Minor Stockley,mstockley4y@edu.com,Bachiller
vpretty4z,yH515jYD0,Profesor,Vyky Pretty,vpretty4z@edu.com,Especializacion
obaird50,bJ167kDh,Profesor,Osbert Baird,obaird50@edu.com,Especializacion
vpemble51,uA824o&d,Profesor,Verine Pemble,vpemble51@edu.com,Bachiller
zyoule52,rR308Ox=S9e,Profesor,Zenia Youle,zyoule52@edu.com,Especializacion
gforde53,mU100}PUJ,Profesor,Garv Forde,gforde53@edu.com,Maestria
gpawlicki54,qV9767>aFn@,Profesor,Glenn Pawlicki,gpawlicki54@edu.com,Pregrado
tmccart55,rC397cum$78b/v,Profesor,Tomkin McCart,tmccart55@edu.com,Especializacion
ccornely56,aG668m.}nUaFPk>,Profesor,Cosetta Cornely,ccornely56@edu.com,Doctorado
yulrik57,rI925pu3E/)6WoMq,Profesor,Yolane Ulrik,yulrik57@edu.com,Maestria
kduchateau58,sS462(XGULv,Profesor,Kimbra Duchateau,kduchateau58@edu.com,Doctorado
wwoodruffe59,eR572fss,Profesor,Wandis Woodruffe,wwoodruffe59@edu.com,Bachiller
ldo5a,lQ232Nuev,Profesor,Lenka Do Rosario,ldo5a@edu.com,Doctorado
nfriedank5b,xM100+}wlj,Profesor,Nathan Friedank,nfriedank5b@edu.com,Pregrado
rfalla5c,tJ376lU%$Ql6j<,Profesor,Rycca Falla,rfalla5c@edu.com,Maestria
sethersey5d,mI617T##),Profesor,Sabra Ethersey,sethersey5d@edu.com,Bachiller
cbuck5e,nV5030/P~,Profesor,Christa Buck,cbuck5e@edu.com,Bachiller
ceasterfield5f,bS240KQ9O8N/,Profesor,Courtnay Easterfield,ceasterfield5f@edu.com,Especializacion
vsummerell5g,hD249(sj{CT,Profesor,Verile Summerell,vsummerell5g@edu.com,Pregrado
psollam5h,fY540/zSa914,Profesor,Pat Sollam,psollam5h@edu.com,Pregrado
rmayfield5i,lF910vPB,Profesor,Rebekkah Mayfield,rmayfield5i@edu.com,Especializacion
bcary5j,xK536zG(8%,Profesor,Barbra Cary,bcary5j@edu.com,Pregrado
